{
  "aa60b228-4ce0-4886-803d-59d7d8d5a4a4": {
    "video_dir": "/mnt/c/Users/cryst/segment-anything-2/myapp/backend/videos/aa60b228-4ce0-4886-803d-59d7d8d5a4a4",
    "video_filename": "WhatsApp Video 2024-10-17 at 20.27.29_f737bcdd.mp4",
    "fps": 29.906928645294727,
    "width": 480,
    "height": 848,
    "last_access": 1731418769.8553822
  }
}